Status,Date of Collection,Company Name,Website_URL,Public/Private,Practices,Practices_URL,Services,Services_URL,Solutions,Solutions_URL,Previous Close,52 Week Range,Sector,Industry,Full Time Employees,Market Cap,Fiscal Year Ends,Revenue,EBITDA,Company NPS,Company Glassdoor,MI Summary,Competitive Threat Level,Market Share,Pricing Strategy,Target Market_1,Target Market_2,Channels-to-Market_1 (Social Media),Channels-to-Market_2 (Sales),Channels-to-Market_3 (Promotions/Sponsorship),Market Differentiation (USP),Revenue Trends,Profitability,Growth Rate,Revenue per Employee,Customer Satisfaction,Reviews & Ratings,Customer Complaints,Innovation,Tech Advancements,Patents & Intellectual Property,Emerging Trends,Potential Threats,Long-term Strategy,Recent Activities,Market Responsiveness,Key Executives,Company Culture,Compliance Requirements,Legal Issues/Pending Litigations,Environmental Impact,Social Initiatives
Added,2024-06-24,CIGNITI Technologies Ltd,https://www.cigniti.com,Public,Accessibility Testing,https://www.cigniti.com/services/accessibility-testing/,Compatibility Testing,https://www.cigniti.com/services/compatibility-testing/,No Solutions Data Available,No Solutions URL Data Available,1356.45,757.65 - 1394.0,Technology,Information Technology Services,,36919287808,31/03/25,18150133760,2108829056,No Company NPS Data Available,No Company Glassdoor Data Available,No MI Summary Data Available,No Competitive Threat Level Data Available,No Market Share Data Available,No Pricing Strategy Data Available,No Target Market 1 Data Available,No Target Market 2 Data Available,No Channels-to-Market 1 (Social Media) Data Available,No Channels-to-Market 2 (Sales) Data Available,No Channels-to-Market 3 (Promotions/Sponsorship) Data Available,No Market Differentiation (USP) Data Available,No Revenue Trends Data Available,No Profitability Data Available,No Growth Rate Data Available,No Revenue per Employee Data Available,No Customer Satisfaction Data Available,No Reviews & Ratings Data Available,No Customer Complaints Data Available,No Innovation Data Available,No Tech Advancements Data Available,No Patents & Intellectual Property Data Available,No Emerging Trends Data Available,No Potential Threats Data Available,No Long-term Strategy Data Available,No Recent Activities Data Available,No Market Responsiveness Data Available,No Key Executives Data Available,No Company Culture Data Available,No Compliance Requirements Data Available,No Legal Issues/Pending Litigations Data Available,No Environmental Impact Data Available,No Social Initiatives Data Available
Added,2024-06-24,CIGNITI Technologies Ltd,https://www.cigniti.com,Public,Accessibility Testing,https://www.cigniti.com/services/accessibility-testing/,Crowdsourced Testing,https://www.cigniti.com/services/crowdsourced-testing/,No Solutions Data Available,No Solutions URL Data Available,1356.45,757.65 - 1394.0,Technology,Information Technology Services,,36919287808,31/03/25,18150133760,2108829056,No Company NPS Data Available,No Company Glassdoor Data Available,No MI Summary Data Available,No Competitive Threat Level Data Available,No Market Share Data Available,No Pricing Strategy Data Available,No Target Market 1 Data Available,No Target Market 2 Data Available,No Channels-to-Market 1 (Social Media) Data Available,No Channels-to-Market 2 (Sales) Data Available,No Channels-to-Market 3 (Promotions/Sponsorship) Data Available,No Market Differentiation (USP) Data Available,No Revenue Trends Data Available,No Profitability Data Available,No Growth Rate Data Available,No Revenue per Employee Data Available,No Customer Satisfaction Data Available,No Reviews & Ratings Data Available,No Customer Complaints Data Available,No Innovation Data Available,No Tech Advancements Data Available,No Patents & Intellectual Property Data Available,No Emerging Trends Data Available,No Potential Threats Data Available,No Long-term Strategy Data Available,No Recent Activities Data Available,No Market Responsiveness Data Available,No Key Executives Data Available,No Company Culture Data Available,No Compliance Requirements Data Available,No Legal Issues/Pending Litigations Data Available,No Environmental Impact Data Available,No Social Initiatives Data Available
Added,2024-06-24,CIGNITI Technologies Ltd,https://www.cigniti.com,Public,Accessibility Testing,https://www.cigniti.com/services/accessibility-testing/,DevOps Testing,https://www.cigniti.com/services/devops-testing/,No Solutions Data Available,No Solutions URL Data Available,1356.45,757.65 - 1394.0,Technology,Information Technology Services,,36919287808,31/03/25,18150133760,2108829056,No Company NPS Data Available,No Company Glassdoor Data Available,No MI Summary Data Available,No Competitive Threat Level Data Available,No Market Share Data Available,No Pricing Strategy Data Available,No Target Market 1 Data Available,No Target Market 2 Data Available,No Channels-to-Market 1 (Social Media) Data Available,No Channels-to-Market 2 (Sales) Data Available,No Channels-to-Market 3 (Promotions/Sponsorship) Data Available,No Market Differentiation (USP) Data Available,No Revenue Trends Data Available,No Profitability Data Available,No Growth Rate Data Available,No Revenue per Employee Data Available,No Customer Satisfaction Data Available,No Reviews & Ratings Data Available,No Customer Complaints Data Available,No Innovation Data Available,No Tech Advancements Data Available,No Patents & Intellectual Property Data Available,No Emerging Trends Data Available,No Potential Threats Data Available,No Long-term Strategy Data Available,No Recent Activities Data Available,No Market Responsiveness Data Available,No Key Executives Data Available,No Company Culture Data Available,No Compliance Requirements Data Available,No Legal Issues/Pending Litigations Data Available,No Environmental Impact Data Available,No Social Initiatives Data Available
Added,2024-06-24,CIGNITI Technologies Ltd,https://www.cigniti.com,Public,Accessibility Testing,https://www.cigniti.com/services/accessibility-testing/,Functional Testing,https://www.cigniti.com/services/functional-testing/,No Solutions Data Available,No Solutions URL Data Available,1356.45,757.65 - 1394.0,Technology,Information Technology Services,,36919287808,31/03/25,18150133760,2108829056,No Company NPS Data Available,No Company Glassdoor Data Available,No MI Summary Data Available,No Competitive Threat Level Data Available,No Market Share Data Available,No Pricing Strategy Data Available,No Target Market 1 Data Available,No Target Market 2 Data Available,No Channels-to-Market 1 (Social Media) Data Available,No Channels-to-Market 2 (Sales) Data Available,No Channels-to-Market 3 (Promotions/Sponsorship) Data Available,No Market Differentiation (USP) Data Available,No Revenue Trends Data Available,No Profitability Data Available,No Growth Rate Data Available,No Revenue per Employee Data Available,No Customer Satisfaction Data Available,No Reviews & Ratings Data Available,No Customer Complaints Data Available,No Innovation Data Available,No Tech Advancements Data Available,No Patents & Intellectual Property Data Available,No Emerging Trends Data Available,No Potential Threats Data Available,No Long-term Strategy Data Available,No Recent Activities Data Available,No Market Responsiveness Data Available,No Key Executives Data Available,No Company Culture Data Available,No Compliance Requirements Data Available,No Legal Issues/Pending Litigations Data Available,No Environmental Impact Data Available,No Social Initiatives Data Available
Added,2024-06-24,CIGNITI Technologies Ltd,https://www.cigniti.com,Public,Accessibility Testing,https://www.cigniti.com/services/accessibility-testing/,Performance Testing,https://www.cigniti.com/services/performance-testing/,No Solutions Data Available,No Solutions URL Data Available,1356.45,757.65 - 1394.0,Technology,Information Technology Services,,36919287808,31/03/25,18150133760,2108829056,No Company NPS Data Available,No Company Glassdoor Data Available,No MI Summary Data Available,No Competitive Threat Level Data Available,No Market Share Data Available,No Pricing Strategy Data Available,No Target Market 1 Data Available,No Target Market 2 Data Available,No Channels-to-Market 1 (Social Media) Data Available,No Channels-to-Market 2 (Sales) Data Available,No Channels-to-Market 3 (Promotions/Sponsorship) Data Available,No Market Differentiation (USP) Data Available,No Revenue Trends Data Available,No Profitability Data Available,No Growth Rate Data Available,No Revenue per Employee Data Available,No Customer Satisfaction Data Available,No Reviews & Ratings Data Available,No Customer Complaints Data Available,No Innovation Data Available,No Tech Advancements Data Available,No Patents & Intellectual Property Data Available,No Emerging Trends Data Available,No Potential Threats Data Available,No Long-term Strategy Data Available,No Recent Activities Data Available,No Market Responsiveness Data Available,No Key Executives Data Available,No Company Culture Data Available,No Compliance Requirements Data Available,No Legal Issues/Pending Litigations Data Available,No Environmental Impact Data Available,No Social Initiatives Data Available
Added,2024-06-24,CIGNITI Technologies Ltd,https://www.cigniti.com,Public,Accessibility Testing,https://www.cigniti.com/services/accessibility-testing/,Quality Engineering,https://www.cigniti.com/services/quality-engineering/,No Solutions Data Available,No Solutions URL Data Available,1356.45,757.65 - 1394.0,Technology,Information Technology Services,,36919287808,31/03/25,18150133760,2108829056,No Company NPS Data Available,No Company Glassdoor Data Available,No MI Summary Data Available,No Competitive Threat Level Data Available,No Market Share Data Available,No Pricing Strategy Data Available,No Target Market 1 Data Available,No Target Market 2 Data Available,No Channels-to-Market 1 (Social Media) Data Available,No Channels-to-Market 2 (Sales) Data Available,No Channels-to-Market 3 (Promotions/Sponsorship) Data Available,No Market Differentiation (USP) Data Available,No Revenue Trends Data Available,No Profitability Data Available,No Growth Rate Data Available,No Revenue per Employee Data Available,No Customer Satisfaction Data Available,No Reviews & Ratings Data Available,No Customer Complaints Data Available,No Innovation Data Available,No Tech Advancements Data Available,No Patents & Intellectual Property Data Available,No Emerging Trends Data Available,No Potential Threats Data Available,No Long-term Strategy Data Available,No Recent Activities Data Available,No Market Responsiveness Data Available,No Key Executives Data Available,No Company Culture Data Available,No Compliance Requirements Data Available,No Legal Issues/Pending Litigations Data Available,No Environmental Impact Data Available,No Social Initiatives Data Available
Added,2024-06-24,CIGNITI Technologies Ltd,https://www.cigniti.com,Public,Accessibility Testing,https://www.cigniti.com/services/accessibility-testing/,Regression Testing,https://www.cigniti.com/services/regression-testing/,No Solutions Data Available,No Solutions URL Data Available,1356.45,757.65 - 1394.0,Technology,Information Technology Services,,36919287808,31/03/25,18150133760,2108829056,No Company NPS Data Available,No Company Glassdoor Data Available,No MI Summary Data Available,No Competitive Threat Level Data Available,No Market Share Data Available,No Pricing Strategy Data Available,No Target Market 1 Data Available,No Target Market 2 Data Available,No Channels-to-Market 1 (Social Media) Data Available,No Channels-to-Market 2 (Sales) Data Available,No Channels-to-Market 3 (Promotions/Sponsorship) Data Available,No Market Differentiation (USP) Data Available,No Revenue Trends Data Available,No Profitability Data Available,No Growth Rate Data Available,No Revenue per Employee Data Available,No Customer Satisfaction Data Available,No Reviews & Ratings Data Available,No Customer Complaints Data Available,No Innovation Data Available,No Tech Advancements Data Available,No Patents & Intellectual Property Data Available,No Emerging Trends Data Available,No Potential Threats Data Available,No Long-term Strategy Data Available,No Recent Activities Data Available,No Market Responsiveness Data Available,No Key Executives Data Available,No Company Culture Data Available,No Compliance Requirements Data Available,No Legal Issues/Pending Litigations Data Available,No Environmental Impact Data Available,No Social Initiatives Data Available
Added,2024-06-24,CIGNITI Technologies Ltd,https://www.cigniti.com,Public,Accessibility Testing,https://www.cigniti.com/services/accessibility-testing/,Security Testing,https://www.cigniti.com/services/security-testing/,No Solutions Data Available,No Solutions URL Data Available,1356.45,757.65 - 1394.0,Technology,Information Technology Services,,36919287808,31/03/25,18150133760,2108829056,No Company NPS Data Available,No Company Glassdoor Data Available,No MI Summary Data Available,No Competitive Threat Level Data Available,No Market Share Data Available,No Pricing Strategy Data Available,No Target Market 1 Data Available,No Target Market 2 Data Available,No Channels-to-Market 1 (Social Media) Data Available,No Channels-to-Market 2 (Sales) Data Available,No Channels-to-Market 3 (Promotions/Sponsorship) Data Available,No Market Differentiation (USP) Data Available,No Revenue Trends Data Available,No Profitability Data Available,No Growth Rate Data Available,No Revenue per Employee Data Available,No Customer Satisfaction Data Available,No Reviews & Ratings Data Available,No Customer Complaints Data Available,No Innovation Data Available,No Tech Advancements Data Available,No Patents & Intellectual Property Data Available,No Emerging Trends Data Available,No Potential Threats Data Available,No Long-term Strategy Data Available,No Recent Activities Data Available,No Market Responsiveness Data Available,No Key Executives Data Available,No Company Culture Data Available,No Compliance Requirements Data Available,No Legal Issues/Pending Litigations Data Available,No Environmental Impact Data Available,No Social Initiatives Data Available
Added,2024-06-24,CIGNITI Technologies Ltd,https://www.cigniti.com,Public,Accessibility Testing,https://www.cigniti.com/services/accessibility-testing/,Test Automation,https://www.cigniti.com/services/test-automation/,No Solutions Data Available,No Solutions URL Data Available,1356.45,757.65 - 1394.0,Technology,Information Technology Services,,36919287808,31/03/25,18150133760,2108829056,No Company NPS Data Available,No Company Glassdoor Data Available,No MI Summary Data Available,No Competitive Threat Level Data Available,No Market Share Data Available,No Pricing Strategy Data Available,No Target Market 1 Data Available,No Target Market 2 Data Available,No Channels-to-Market 1 (Social Media) Data Available,No Channels-to-Market 2 (Sales) Data Available,No Channels-to-Market 3 (Promotions/Sponsorship) Data Available,No Market Differentiation (USP) Data Available,No Revenue Trends Data Available,No Profitability Data Available,No Growth Rate Data Available,No Revenue per Employee Data Available,No Customer Satisfaction Data Available,No Reviews & Ratings Data Available,No Customer Complaints Data Available,No Innovation Data Available,No Tech Advancements Data Available,No Patents & Intellectual Property Data Available,No Emerging Trends Data Available,No Potential Threats Data Available,No Long-term Strategy Data Available,No Recent Activities Data Available,No Market Responsiveness Data Available,No Key Executives Data Available,No Company Culture Data Available,No Compliance Requirements Data Available,No Legal Issues/Pending Litigations Data Available,No Environmental Impact Data Available,No Social Initiatives Data Available
Added,2024-06-24,CIGNITI Technologies Ltd,https://www.cigniti.com,Public,Agile Testing,https://www.cigniti.com/services/agile-testing/,Service Virtualization,https://www.cigniti.com/services/service-virtualization/,No Solutions Data Available,No Solutions URL Data Available,1356.45,757.65 - 1394.0,Technology,Information Technology Services,,36919287808,31/03/25,18150133760,2108829056,No Company NPS Data Available,No Company Glassdoor Data Available,No MI Summary Data Available,No Competitive Threat Level Data Available,No Market Share Data Available,No Pricing Strategy Data Available,No Target Market 1 Data Available,No Target Market 2 Data Available,No Channels-to-Market 1 (Social Media) Data Available,No Channels-to-Market 2 (Sales) Data Available,No Channels-to-Market 3 (Promotions/Sponsorship) Data Available,No Market Differentiation (USP) Data Available,No Revenue Trends Data Available,No Profitability Data Available,No Growth Rate Data Available,No Revenue per Employee Data Available,No Customer Satisfaction Data Available,No Reviews & Ratings Data Available,No Customer Complaints Data Available,No Innovation Data Available,No Tech Advancements Data Available,No Patents & Intellectual Property Data Available,No Emerging Trends Data Available,No Potential Threats Data Available,No Long-term Strategy Data Available,No Recent Activities Data Available,No Market Responsiveness Data Available,No Key Executives Data Available,No Company Culture Data Available,No Compliance Requirements Data Available,No Legal Issues/Pending Litigations Data Available,No Environmental Impact Data Available,No Social Initiatives Data Available
Added,2024-06-24,CIGNITI Technologies Ltd,https://www.cigniti.com,Public,Agile Testing,https://www.cigniti.com/services/agile-testing/,Test Data Management,https://www.cigniti.com/services/test-data-management/,No Solutions Data Available,No Solutions URL Data Available,1356.45,757.65 - 1394.0,Technology,Information Technology Services,,36919287808,31/03/25,18150133760,2108829056,No Company NPS Data Available,No Company Glassdoor Data Available,No MI Summary Data Available,No Competitive Threat Level Data Available,No Market Share Data Available,No Pricing Strategy Data Available,No Target Market 1 Data Available,No Target Market 2 Data Available,No Channels-to-Market 1 (Social Media) Data Available,No Channels-to-Market 2 (Sales) Data Available,No Channels-to-Market 3 (Promotions/Sponsorship) Data Available,No Market Differentiation (USP) Data Available,No Revenue Trends Data Available,No Profitability Data Available,No Growth Rate Data Available,No Revenue per Employee Data Available,No Customer Satisfaction Data Available,No Reviews & Ratings Data Available,No Customer Complaints Data Available,No Innovation Data Available,No Tech Advancements Data Available,No Patents & Intellectual Property Data Available,No Emerging Trends Data Available,No Potential Threats Data Available,No Long-term Strategy Data Available,No Recent Activities Data Available,No Market Responsiveness Data Available,No Key Executives Data Available,No Company Culture Data Available,No Compliance Requirements Data Available,No Legal Issues/Pending Litigations Data Available,No Environmental Impact Data Available,No Social Initiatives Data Available
Added,2024-06-24,CIGNITI Technologies Ltd,https://www.cigniti.com,Public,Artificial Intelligence Testing,https://www.cigniti.com/services/ai-based-application-testing/,5G Assurance Services,https://www.cigniti.com/services/5g-assurance-services/,No Solutions Data Available,No Solutions URL Data Available,1356.45,757.65 - 1394.0,Technology,Information Technology Services,,36919287808,31/03/25,18150133760,2108829056,No Company NPS Data Available,No Company Glassdoor Data Available,No MI Summary Data Available,No Competitive Threat Level Data Available,No Market Share Data Available,No Pricing Strategy Data Available,No Target Market 1 Data Available,No Target Market 2 Data Available,No Channels-to-Market 1 (Social Media) Data Available,No Channels-to-Market 2 (Sales) Data Available,No Channels-to-Market 3 (Promotions/Sponsorship) Data Available,No Market Differentiation (USP) Data Available,No Revenue Trends Data Available,No Profitability Data Available,No Growth Rate Data Available,No Revenue per Employee Data Available,No Customer Satisfaction Data Available,No Reviews & Ratings Data Available,No Customer Complaints Data Available,No Innovation Data Available,No Tech Advancements Data Available,No Patents & Intellectual Property Data Available,No Emerging Trends Data Available,No Potential Threats Data Available,No Long-term Strategy Data Available,No Recent Activities Data Available,No Market Responsiveness Data Available,No Key Executives Data Available,No Company Culture Data Available,No Compliance Requirements Data Available,No Legal Issues/Pending Litigations Data Available,No Environmental Impact Data Available,No Social Initiatives Data Available
Added,2024-06-24,CIGNITI Technologies Ltd,https://www.cigniti.com,Public,Artificial Intelligence Testing,https://www.cigniti.com/services/ai-based-application-testing/,Big Data & Analytics Testing,https://www.cigniti.com/services/bigdata-testing/,No Solutions Data Available,No Solutions URL Data Available,1356.45,757.65 - 1394.0,Technology,Information Technology Services,,36919287808,31/03/25,18150133760,2108829056,No Company NPS Data Available,No Company Glassdoor Data Available,No MI Summary Data Available,No Competitive Threat Level Data Available,No Market Share Data Available,No Pricing Strategy Data Available,No Target Market 1 Data Available,No Target Market 2 Data Available,No Channels-to-Market 1 (Social Media) Data Available,No Channels-to-Market 2 (Sales) Data Available,No Channels-to-Market 3 (Promotions/Sponsorship) Data Available,No Market Differentiation (USP) Data Available,No Revenue Trends Data Available,No Profitability Data Available,No Growth Rate Data Available,No Revenue per Employee Data Available,No Customer Satisfaction Data Available,No Reviews & Ratings Data Available,No Customer Complaints Data Available,No Innovation Data Available,No Tech Advancements Data Available,No Patents & Intellectual Property Data Available,No Emerging Trends Data Available,No Potential Threats Data Available,No Long-term Strategy Data Available,No Recent Activities Data Available,No Market Responsiveness Data Available,No Key Executives Data Available,No Company Culture Data Available,No Compliance Requirements Data Available,No Legal Issues/Pending Litigations Data Available,No Environmental Impact Data Available,No Social Initiatives Data Available
Added,2024-06-24,CIGNITI Technologies Ltd,https://www.cigniti.com,Public,Artificial Intelligence Testing,https://www.cigniti.com/services/ai-based-application-testing/,Blockchain Testing,https://www.cigniti.com/services/blockchain-application-testing/,No Solutions Data Available,No Solutions URL Data Available,1356.45,757.65 - 1394.0,Technology,Information Technology Services,,36919287808,31/03/25,18150133760,2108829056,No Company NPS Data Available,No Company Glassdoor Data Available,No MI Summary Data Available,No Competitive Threat Level Data Available,No Market Share Data Available,No Pricing Strategy Data Available,No Target Market 1 Data Available,No Target Market 2 Data Available,No Channels-to-Market 1 (Social Media) Data Available,No Channels-to-Market 2 (Sales) Data Available,No Channels-to-Market 3 (Promotions/Sponsorship) Data Available,No Market Differentiation (USP) Data Available,No Revenue Trends Data Available,No Profitability Data Available,No Growth Rate Data Available,No Revenue per Employee Data Available,No Customer Satisfaction Data Available,No Reviews & Ratings Data Available,No Customer Complaints Data Available,No Innovation Data Available,No Tech Advancements Data Available,No Patents & Intellectual Property Data Available,No Emerging Trends Data Available,No Potential Threats Data Available,No Long-term Strategy Data Available,No Recent Activities Data Available,No Market Responsiveness Data Available,No Key Executives Data Available,No Company Culture Data Available,No Compliance Requirements Data Available,No Legal Issues/Pending Litigations Data Available,No Environmental Impact Data Available,No Social Initiatives Data Available
Added,2024-06-24,CIGNITI Technologies Ltd,https://www.cigniti.com,Public,Artificial Intelligence Testing,https://www.cigniti.com/services/ai-based-application-testing/,Cloud Migration Assurance,https://www.cigniti.com/services/cloud-migration-assurance/,No Solutions Data Available,No Solutions URL Data Available,1356.45,757.65 - 1394.0,Technology,Information Technology Services,,36919287808,31/03/25,18150133760,2108829056,No Company NPS Data Available,No Company Glassdoor Data Available,No MI Summary Data Available,No Competitive Threat Level Data Available,No Market Share Data Available,No Pricing Strategy Data Available,No Target Market 1 Data Available,No Target Market 2 Data Available,No Channels-to-Market 1 (Social Media) Data Available,No Channels-to-Market 2 (Sales) Data Available,No Channels-to-Market 3 (Promotions/Sponsorship) Data Available,No Market Differentiation (USP) Data Available,No Revenue Trends Data Available,No Profitability Data Available,No Growth Rate Data Available,No Revenue per Employee Data Available,No Customer Satisfaction Data Available,No Reviews & Ratings Data Available,No Customer Complaints Data Available,No Innovation Data Available,No Tech Advancements Data Available,No Patents & Intellectual Property Data Available,No Emerging Trends Data Available,No Potential Threats Data Available,No Long-term Strategy Data Available,No Recent Activities Data Available,No Market Responsiveness Data Available,No Key Executives Data Available,No Company Culture Data Available,No Compliance Requirements Data Available,No Legal Issues/Pending Litigations Data Available,No Environmental Impact Data Available,No Social Initiatives Data Available
Added,2024-06-24,CIGNITI Technologies Ltd,https://www.cigniti.com,Public,Artificial Intelligence Testing,https://www.cigniti.com/services/ai-based-application-testing/,Internet of Things (IoT) Testing,https://www.cigniti.com/services/iot-application-testing/,No Solutions Data Available,No Solutions URL Data Available,1356.45,757.65 - 1394.0,Technology,Information Technology Services,,36919287808,31/03/25,18150133760,2108829056,No Company NPS Data Available,No Company Glassdoor Data Available,No MI Summary Data Available,No Competitive Threat Level Data Available,No Market Share Data Available,No Pricing Strategy Data Available,No Target Market 1 Data Available,No Target Market 2 Data Available,No Channels-to-Market 1 (Social Media) Data Available,No Channels-to-Market 2 (Sales) Data Available,No Channels-to-Market 3 (Promotions/Sponsorship) Data Available,No Market Differentiation (USP) Data Available,No Revenue Trends Data Available,No Profitability Data Available,No Growth Rate Data Available,No Revenue per Employee Data Available,No Customer Satisfaction Data Available,No Reviews & Ratings Data Available,No Customer Complaints Data Available,No Innovation Data Available,No Tech Advancements Data Available,No Patents & Intellectual Property Data Available,No Emerging Trends Data Available,No Potential Threats Data Available,No Long-term Strategy Data Available,No Recent Activities Data Available,No Market Responsiveness Data Available,No Key Executives Data Available,No Company Culture Data Available,No Compliance Requirements Data Available,No Legal Issues/Pending Litigations Data Available,No Environmental Impact Data Available,No Social Initiatives Data Available
Added,2024-06-24,CIGNITI Technologies Ltd,https://www.cigniti.com,Public,Artificial Intelligence Testing,https://www.cigniti.com/services/ai-based-application-testing/,Mobile Testing,https://www.cigniti.com/services/mobile-testing/,No Solutions Data Available,No Solutions URL Data Available,1356.45,757.65 - 1394.0,Technology,Information Technology Services,,36919287808,31/03/25,18150133760,2108829056,No Company NPS Data Available,No Company Glassdoor Data Available,No MI Summary Data Available,No Competitive Threat Level Data Available,No Market Share Data Available,No Pricing Strategy Data Available,No Target Market 1 Data Available,No Target Market 2 Data Available,No Channels-to-Market 1 (Social Media) Data Available,No Channels-to-Market 2 (Sales) Data Available,No Channels-to-Market 3 (Promotions/Sponsorship) Data Available,No Market Differentiation (USP) Data Available,No Revenue Trends Data Available,No Profitability Data Available,No Growth Rate Data Available,No Revenue per Employee Data Available,No Customer Satisfaction Data Available,No Reviews & Ratings Data Available,No Customer Complaints Data Available,No Innovation Data Available,No Tech Advancements Data Available,No Patents & Intellectual Property Data Available,No Emerging Trends Data Available,No Potential Threats Data Available,No Long-term Strategy Data Available,No Recent Activities Data Available,No Market Responsiveness Data Available,No Key Executives Data Available,No Company Culture Data Available,No Compliance Requirements Data Available,No Legal Issues/Pending Litigations Data Available,No Environmental Impact Data Available,No Social Initiatives Data Available
Added,2024-06-24,CIGNITI Technologies Ltd,https://www.cigniti.com,Public,Artificial Intelligence Testing,https://www.cigniti.com/services/ai-based-application-testing/,Robotic Process Automation (RPA),https://www.cigniti.com/services/robotic-process-automation/,No Solutions Data Available,No Solutions URL Data Available,1356.45,757.65 - 1394.0,Technology,Information Technology Services,,36919287808,31/03/25,18150133760,2108829056,No Company NPS Data Available,No Company Glassdoor Data Available,No MI Summary Data Available,No Competitive Threat Level Data Available,No Market Share Data Available,No Pricing Strategy Data Available,No Target Market 1 Data Available,No Target Market 2 Data Available,No Channels-to-Market 1 (Social Media) Data Available,No Channels-to-Market 2 (Sales) Data Available,No Channels-to-Market 3 (Promotions/Sponsorship) Data Available,No Market Differentiation (USP) Data Available,No Revenue Trends Data Available,No Profitability Data Available,No Growth Rate Data Available,No Revenue per Employee Data Available,No Customer Satisfaction Data Available,No Reviews & Ratings Data Available,No Customer Complaints Data Available,No Innovation Data Available,No Tech Advancements Data Available,No Patents & Intellectual Property Data Available,No Emerging Trends Data Available,No Potential Threats Data Available,No Long-term Strategy Data Available,No Recent Activities Data Available,No Market Responsiveness Data Available,No Key Executives Data Available,No Company Culture Data Available,No Compliance Requirements Data Available,No Legal Issues/Pending Litigations Data Available,No Environmental Impact Data Available,No Social Initiatives Data Available
Added,2024-06-24,CIGNITI Technologies Ltd,https://www.cigniti.com,Public,Artificial Intelligence Testing,https://www.cigniti.com/services/ai-based-application-testing/,Security Assurance,https://www.cigniti.com/services/security-assurance/,No Solutions Data Available,No Solutions URL Data Available,1356.45,757.65 - 1394.0,Technology,Information Technology Services,,36919287808,31/03/25,18150133760,2108829056,No Company NPS Data Available,No Company Glassdoor Data Available,No MI Summary Data Available,No Competitive Threat Level Data Available,No Market Share Data Available,No Pricing Strategy Data Available,No Target Market 1 Data Available,No Target Market 2 Data Available,No Channels-to-Market 1 (Social Media) Data Available,No Channels-to-Market 2 (Sales) Data Available,No Channels-to-Market 3 (Promotions/Sponsorship) Data Available,No Market Differentiation (USP) Data Available,No Revenue Trends Data Available,No Profitability Data Available,No Growth Rate Data Available,No Revenue per Employee Data Available,No Customer Satisfaction Data Available,No Reviews & Ratings Data Available,No Customer Complaints Data Available,No Innovation Data Available,No Tech Advancements Data Available,No Patents & Intellectual Property Data Available,No Emerging Trends Data Available,No Potential Threats Data Available,No Long-term Strategy Data Available,No Recent Activities Data Available,No Market Responsiveness Data Available,No Key Executives Data Available,No Company Culture Data Available,No Compliance Requirements Data Available,No Legal Issues/Pending Litigations Data Available,No Environmental Impact Data Available,No Social Initiatives Data Available
Added,2024-06-24,CIGNITI Technologies Ltd,https://www.cigniti.com,Public,Cloud Migration Assurance,https://www.cigniti.com/services/cloud-migration-assurance/,FinOps,https://www.cigniti.com/services/finops/,No Solutions Data Available,No Solutions URL Data Available,1356.45,757.65 - 1394.0,Technology,Information Technology Services,,36919287808,31/03/25,18150133760,2108829056,No Company NPS Data Available,No Company Glassdoor Data Available,No MI Summary Data Available,No Competitive Threat Level Data Available,No Market Share Data Available,No Pricing Strategy Data Available,No Target Market 1 Data Available,No Target Market 2 Data Available,No Channels-to-Market 1 (Social Media) Data Available,No Channels-to-Market 2 (Sales) Data Available,No Channels-to-Market 3 (Promotions/Sponsorship) Data Available,No Market Differentiation (USP) Data Available,No Revenue Trends Data Available,No Profitability Data Available,No Growth Rate Data Available,No Revenue per Employee Data Available,No Customer Satisfaction Data Available,No Reviews & Ratings Data Available,No Customer Complaints Data Available,No Innovation Data Available,No Tech Advancements Data Available,No Patents & Intellectual Property Data Available,No Emerging Trends Data Available,No Potential Threats Data Available,No Long-term Strategy Data Available,No Recent Activities Data Available,No Market Responsiveness Data Available,No Key Executives Data Available,No Company Culture Data Available,No Compliance Requirements Data Available,No Legal Issues/Pending Litigations Data Available,No Environmental Impact Data Available,No Social Initiatives Data Available
Added,2024-06-24,CIGNITI Technologies Ltd,https://www.cigniti.com,Public,Data Insights,https://www.cigniti.com/services/data-engineering-insights/,AI & ML,https://www.cigniti.com/services/ai-ml/,No Solutions Data Available,No Solutions URL Data Available,1356.45,757.65 - 1394.0,Technology,Information Technology Services,,36919287808,31/03/25,18150133760,2108829056,No Company NPS Data Available,No Company Glassdoor Data Available,No MI Summary Data Available,No Competitive Threat Level Data Available,No Market Share Data Available,No Pricing Strategy Data Available,No Target Market 1 Data Available,No Target Market 2 Data Available,No Channels-to-Market 1 (Social Media) Data Available,No Channels-to-Market 2 (Sales) Data Available,No Channels-to-Market 3 (Promotions/Sponsorship) Data Available,No Market Differentiation (USP) Data Available,No Revenue Trends Data Available,No Profitability Data Available,No Growth Rate Data Available,No Revenue per Employee Data Available,No Customer Satisfaction Data Available,No Reviews & Ratings Data Available,No Customer Complaints Data Available,No Innovation Data Available,No Tech Advancements Data Available,No Patents & Intellectual Property Data Available,No Emerging Trends Data Available,No Potential Threats Data Available,No Long-term Strategy Data Available,No Recent Activities Data Available,No Market Responsiveness Data Available,No Key Executives Data Available,No Company Culture Data Available,No Compliance Requirements Data Available,No Legal Issues/Pending Litigations Data Available,No Environmental Impact Data Available,No Social Initiatives Data Available
Added,2024-06-24,CIGNITI Technologies Ltd,https://www.cigniti.com,Public,DevSecOps,https://www.cigniti.com/services/devsecops/,Application Modernization,https://www.cigniti.com/services/application-modernization/,No Solutions Data Available,No Solutions URL Data Available,1356.45,757.65 - 1394.0,Technology,Information Technology Services,,36919287808,31/03/25,18150133760,2108829056,No Company NPS Data Available,No Company Glassdoor Data Available,No MI Summary Data Available,No Competitive Threat Level Data Available,No Market Share Data Available,No Pricing Strategy Data Available,No Target Market 1 Data Available,No Target Market 2 Data Available,No Channels-to-Market 1 (Social Media) Data Available,No Channels-to-Market 2 (Sales) Data Available,No Channels-to-Market 3 (Promotions/Sponsorship) Data Available,No Market Differentiation (USP) Data Available,No Revenue Trends Data Available,No Profitability Data Available,No Growth Rate Data Available,No Revenue per Employee Data Available,No Customer Satisfaction Data Available,No Reviews & Ratings Data Available,No Customer Complaints Data Available,No Innovation Data Available,No Tech Advancements Data Available,No Patents & Intellectual Property Data Available,No Emerging Trends Data Available,No Potential Threats Data Available,No Long-term Strategy Data Available,No Recent Activities Data Available,No Market Responsiveness Data Available,No Key Executives Data Available,No Company Culture Data Available,No Compliance Requirements Data Available,No Legal Issues/Pending Litigations Data Available,No Environmental Impact Data Available,No Social Initiatives Data Available
Added,2024-06-24,CIGNITI Technologies Ltd,https://www.cigniti.com,Public,DevSecOps,https://www.cigniti.com/services/devsecops/,Blockchain Engineering,https://www.cigniti.com/services/blockchain-engineering/,No Solutions Data Available,No Solutions URL Data Available,1356.45,757.65 - 1394.0,Technology,Information Technology Services,,36919287808,31/03/25,18150133760,2108829056,No Company NPS Data Available,No Company Glassdoor Data Available,No MI Summary Data Available,No Competitive Threat Level Data Available,No Market Share Data Available,No Pricing Strategy Data Available,No Target Market 1 Data Available,No Target Market 2 Data Available,No Channels-to-Market 1 (Social Media) Data Available,No Channels-to-Market 2 (Sales) Data Available,No Channels-to-Market 3 (Promotions/Sponsorship) Data Available,No Market Differentiation (USP) Data Available,No Revenue Trends Data Available,No Profitability Data Available,No Growth Rate Data Available,No Revenue per Employee Data Available,No Customer Satisfaction Data Available,No Reviews & Ratings Data Available,No Customer Complaints Data Available,No Innovation Data Available,No Tech Advancements Data Available,No Patents & Intellectual Property Data Available,No Emerging Trends Data Available,No Potential Threats Data Available,No Long-term Strategy Data Available,No Recent Activities Data Available,No Market Responsiveness Data Available,No Key Executives Data Available,No Company Culture Data Available,No Compliance Requirements Data Available,No Legal Issues/Pending Litigations Data Available,No Environmental Impact Data Available,No Social Initiatives Data Available
Added,2024-06-24,CIGNITI Technologies Ltd,https://www.cigniti.com,Public,DevSecOps,https://www.cigniti.com/services/devsecops/,Enterprise Application Development,https://www.cigniti.com/services/enterprise-application-development/,No Solutions Data Available,No Solutions URL Data Available,1356.45,757.65 - 1394.0,Technology,Information Technology Services,,36919287808,31/03/25,18150133760,2108829056,No Company NPS Data Available,No Company Glassdoor Data Available,No MI Summary Data Available,No Competitive Threat Level Data Available,No Market Share Data Available,No Pricing Strategy Data Available,No Target Market 1 Data Available,No Target Market 2 Data Available,No Channels-to-Market 1 (Social Media) Data Available,No Channels-to-Market 2 (Sales) Data Available,No Channels-to-Market 3 (Promotions/Sponsorship) Data Available,No Market Differentiation (USP) Data Available,No Revenue Trends Data Available,No Profitability Data Available,No Growth Rate Data Available,No Revenue per Employee Data Available,No Customer Satisfaction Data Available,No Reviews & Ratings Data Available,No Customer Complaints Data Available,No Innovation Data Available,No Tech Advancements Data Available,No Patents & Intellectual Property Data Available,No Emerging Trends Data Available,No Potential Threats Data Available,No Long-term Strategy Data Available,No Recent Activities Data Available,No Market Responsiveness Data Available,No Key Executives Data Available,No Company Culture Data Available,No Compliance Requirements Data Available,No Legal Issues/Pending Litigations Data Available,No Environmental Impact Data Available,No Social Initiatives Data Available
Added,2024-06-24,CIGNITI Technologies Ltd,https://www.cigniti.com,Public,DevSecOps,https://www.cigniti.com/services/devsecops/,Site Reliability Engineering,https://www.cigniti.com/services/site-reliability-engineering/,No Solutions Data Available,No Solutions URL Data Available,1356.45,757.65 - 1394.0,Technology,Information Technology Services,,36919287808,31/03/25,18150133760,2108829056,No Company NPS Data Available,No Company Glassdoor Data Available,No MI Summary Data Available,No Competitive Threat Level Data Available,No Market Share Data Available,No Pricing Strategy Data Available,No Target Market 1 Data Available,No Target Market 2 Data Available,No Channels-to-Market 1 (Social Media) Data Available,No Channels-to-Market 2 (Sales) Data Available,No Channels-to-Market 3 (Promotions/Sponsorship) Data Available,No Market Differentiation (USP) Data Available,No Revenue Trends Data Available,No Profitability Data Available,No Growth Rate Data Available,No Revenue per Employee Data Available,No Customer Satisfaction Data Available,No Reviews & Ratings Data Available,No Customer Complaints Data Available,No Innovation Data Available,No Tech Advancements Data Available,No Patents & Intellectual Property Data Available,No Emerging Trends Data Available,No Potential Threats Data Available,No Long-term Strategy Data Available,No Recent Activities Data Available,No Market Responsiveness Data Available,No Key Executives Data Available,No Company Culture Data Available,No Compliance Requirements Data Available,No Legal Issues/Pending Litigations Data Available,No Environmental Impact Data Available,No Social Initiatives Data Available
Added,2024-06-24,CIGNITI Technologies Ltd,https://www.cigniti.com,Public,DevSecOps,https://www.cigniti.com/services/devsecops/,Software Product Engineering,https://www.cigniti.com/services/software-product-engineering/,No Solutions Data Available,No Solutions URL Data Available,1356.45,757.65 - 1394.0,Technology,Information Technology Services,,36919287808,31/03/25,18150133760,2108829056,No Company NPS Data Available,No Company Glassdoor Data Available,No MI Summary Data Available,No Competitive Threat Level Data Available,No Market Share Data Available,No Pricing Strategy Data Available,No Target Market 1 Data Available,No Target Market 2 Data Available,No Channels-to-Market 1 (Social Media) Data Available,No Channels-to-Market 2 (Sales) Data Available,No Channels-to-Market 3 (Promotions/Sponsorship) Data Available,No Market Differentiation (USP) Data Available,No Revenue Trends Data Available,No Profitability Data Available,No Growth Rate Data Available,No Revenue per Employee Data Available,No Customer Satisfaction Data Available,No Reviews & Ratings Data Available,No Customer Complaints Data Available,No Innovation Data Available,No Tech Advancements Data Available,No Patents & Intellectual Property Data Available,No Emerging Trends Data Available,No Potential Threats Data Available,No Long-term Strategy Data Available,No Recent Activities Data Available,No Market Responsiveness Data Available,No Key Executives Data Available,No Company Culture Data Available,No Compliance Requirements Data Available,No Legal Issues/Pending Litigations Data Available,No Environmental Impact Data Available,No Social Initiatives Data Available
Added,2024-06-24,CIGNITI Technologies Ltd,https://www.cigniti.com,Public,DevSecOps,https://www.cigniti.com/services/devsecops/,User Experience Engineering,https://www.cigniti.com/services/user-experience-design-engineering/,No Solutions Data Available,No Solutions URL Data Available,1356.45,757.65 - 1394.0,Technology,Information Technology Services,,36919287808,31/03/25,18150133760,2108829056,No Company NPS Data Available,No Company Glassdoor Data Available,No MI Summary Data Available,No Competitive Threat Level Data Available,No Market Share Data Available,No Pricing Strategy Data Available,No Target Market 1 Data Available,No Target Market 2 Data Available,No Channels-to-Market 1 (Social Media) Data Available,No Channels-to-Market 2 (Sales) Data Available,No Channels-to-Market 3 (Promotions/Sponsorship) Data Available,No Market Differentiation (USP) Data Available,No Revenue Trends Data Available,No Profitability Data Available,No Growth Rate Data Available,No Revenue per Employee Data Available,No Customer Satisfaction Data Available,No Reviews & Ratings Data Available,No Customer Complaints Data Available,No Innovation Data Available,No Tech Advancements Data Available,No Patents & Intellectual Property Data Available,No Emerging Trends Data Available,No Potential Threats Data Available,No Long-term Strategy Data Available,No Recent Activities Data Available,No Market Responsiveness Data Available,No Key Executives Data Available,No Company Culture Data Available,No Compliance Requirements Data Available,No Legal Issues/Pending Litigations Data Available,No Environmental Impact Data Available,No Social Initiatives Data Available
Added,2024-06-24,CIGNITI Technologies Ltd,https://www.cigniti.com,Public,ERP Testing,https://www.cigniti.com/services/erp-testing/,Medical Devices Testing,https://www.cigniti.com/services/medical-devices-testing/,No Solutions Data Available,No Solutions URL Data Available,1356.45,757.65 - 1394.0,Technology,Information Technology Services,,36919287808,31/03/25,18150133760,2108829056,No Company NPS Data Available,No Company Glassdoor Data Available,No MI Summary Data Available,No Competitive Threat Level Data Available,No Market Share Data Available,No Pricing Strategy Data Available,No Target Market 1 Data Available,No Target Market 2 Data Available,No Channels-to-Market 1 (Social Media) Data Available,No Channels-to-Market 2 (Sales) Data Available,No Channels-to-Market 3 (Promotions/Sponsorship) Data Available,No Market Differentiation (USP) Data Available,No Revenue Trends Data Available,No Profitability Data Available,No Growth Rate Data Available,No Revenue per Employee Data Available,No Customer Satisfaction Data Available,No Reviews & Ratings Data Available,No Customer Complaints Data Available,No Innovation Data Available,No Tech Advancements Data Available,No Patents & Intellectual Property Data Available,No Emerging Trends Data Available,No Potential Threats Data Available,No Long-term Strategy Data Available,No Recent Activities Data Available,No Market Responsiveness Data Available,No Key Executives Data Available,No Company Culture Data Available,No Compliance Requirements Data Available,No Legal Issues/Pending Litigations Data Available,No Environmental Impact Data Available,No Social Initiatives Data Available
Added,2024-06-24,CIGNITI Technologies Ltd,https://www.cigniti.com,Public,ERP Testing,https://www.cigniti.com/services/erp-testing/,Salesforce Testing,https://www.cigniti.com/services/salesforce-testing/,No Solutions Data Available,No Solutions URL Data Available,1356.45,757.65 - 1394.0,Technology,Information Technology Services,,36919287808,31/03/25,18150133760,2108829056,No Company NPS Data Available,No Company Glassdoor Data Available,No MI Summary Data Available,No Competitive Threat Level Data Available,No Market Share Data Available,No Pricing Strategy Data Available,No Target Market 1 Data Available,No Target Market 2 Data Available,No Channels-to-Market 1 (Social Media) Data Available,No Channels-to-Market 2 (Sales) Data Available,No Channels-to-Market 3 (Promotions/Sponsorship) Data Available,No Market Differentiation (USP) Data Available,No Revenue Trends Data Available,No Profitability Data Available,No Growth Rate Data Available,No Revenue per Employee Data Available,No Customer Satisfaction Data Available,No Reviews & Ratings Data Available,No Customer Complaints Data Available,No Innovation Data Available,No Tech Advancements Data Available,No Patents & Intellectual Property Data Available,No Emerging Trends Data Available,No Potential Threats Data Available,No Long-term Strategy Data Available,No Recent Activities Data Available,No Market Responsiveness Data Available,No Key Executives Data Available,No Company Culture Data Available,No Compliance Requirements Data Available,No Legal Issues/Pending Litigations Data Available,No Environmental Impact Data Available,No Social Initiatives Data Available
Added,2024-06-24,CIGNITI Technologies Ltd,https://www.cigniti.com,Public,Programmatic Innovation,https://www.cigniti.com/services/programmatic-innovation/,Agile Transformation,https://www.cigniti.com/services/agile-transformation/,No Solutions Data Available,No Solutions URL Data Available,1356.45,757.65 - 1394.0,Technology,Information Technology Services,,36919287808,31/03/25,18150133760,2108829056,No Company NPS Data Available,No Company Glassdoor Data Available,No MI Summary Data Available,No Competitive Threat Level Data Available,No Market Share Data Available,No Pricing Strategy Data Available,No Target Market 1 Data Available,No Target Market 2 Data Available,No Channels-to-Market 1 (Social Media) Data Available,No Channels-to-Market 2 (Sales) Data Available,No Channels-to-Market 3 (Promotions/Sponsorship) Data Available,No Market Differentiation (USP) Data Available,No Revenue Trends Data Available,No Profitability Data Available,No Growth Rate Data Available,No Revenue per Employee Data Available,No Customer Satisfaction Data Available,No Reviews & Ratings Data Available,No Customer Complaints Data Available,No Innovation Data Available,No Tech Advancements Data Available,No Patents & Intellectual Property Data Available,No Emerging Trends Data Available,No Potential Threats Data Available,No Long-term Strategy Data Available,No Recent Activities Data Available,No Market Responsiveness Data Available,No Key Executives Data Available,No Company Culture Data Available,No Compliance Requirements Data Available,No Legal Issues/Pending Litigations Data Available,No Environmental Impact Data Available,No Social Initiatives Data Available
Added,2024-06-24,CIGNITI Technologies Ltd,https://www.cigniti.com,Public,Programmatic Innovation,https://www.cigniti.com/services/programmatic-innovation/,DevOps Transformation,https://www.cigniti.com/services/devops-transformation/,No Solutions Data Available,No Solutions URL Data Available,1356.45,757.65 - 1394.0,Technology,Information Technology Services,,36919287808,31/03/25,18150133760,2108829056,No Company NPS Data Available,No Company Glassdoor Data Available,No MI Summary Data Available,No Competitive Threat Level Data Available,No Market Share Data Available,No Pricing Strategy Data Available,No Target Market 1 Data Available,No Target Market 2 Data Available,No Channels-to-Market 1 (Social Media) Data Available,No Channels-to-Market 2 (Sales) Data Available,No Channels-to-Market 3 (Promotions/Sponsorship) Data Available,No Market Differentiation (USP) Data Available,No Revenue Trends Data Available,No Profitability Data Available,No Growth Rate Data Available,No Revenue per Employee Data Available,No Customer Satisfaction Data Available,No Reviews & Ratings Data Available,No Customer Complaints Data Available,No Innovation Data Available,No Tech Advancements Data Available,No Patents & Intellectual Property Data Available,No Emerging Trends Data Available,No Potential Threats Data Available,No Long-term Strategy Data Available,No Recent Activities Data Available,No Market Responsiveness Data Available,No Key Executives Data Available,No Company Culture Data Available,No Compliance Requirements Data Available,No Legal Issues/Pending Litigations Data Available,No Environmental Impact Data Available,No Social Initiatives Data Available
